"","Date","HomeTeam","AwayTeam","FTHG","FTAG","FTR"
"1",0018-08-17,"Leganes","Alaves",1,0,"H"
"2",0018-08-17,"Valencia","Las Palmas",1,0,"H"
"3",0019-08-17,"Celta","Sociedad",2,3,"A"
"4",0019-08-17,"Girona","Ath Madrid",2,2,"D"
"5",0019-08-17,"Sevilla","Espanol",1,1,"D"
"6",0020-08-17,"Ath Bilbao","Getafe",0,0,"D"
"7",0020-08-17,"Barcelona","Betis",2,0,"H"
"8",0020-08-17,"La Coruna","Real Madrid",0,3,"A"
"9",0021-08-17,"Levante","Villarreal",1,0,"H"
"10",0021-08-17,"Malaga","Eibar",0,1,"A"
"11",0025-08-17,"Betis","Celta",2,1,"H"
"12",0025-08-17,"Sociedad","Villarreal",3,0,"H"
"13",0026-08-17,"Alaves","Barcelona",0,2,"A"
"14",0026-08-17,"Girona","Malaga",1,0,"H"
"15",0026-08-17,"Las Palmas","Ath Madrid",1,5,"A"
"16",0026-08-17,"Levante","La Coruna",2,2,"D"
"17",0027-08-17,"Eibar","Ath Bilbao",0,1,"A"
"18",0027-08-17,"Espanol","Leganes",0,1,"A"
"19",0027-08-17,"Getafe","Sevilla",0,1,"A"
"20",0027-08-17,"Real Madrid","Valencia",2,2,"D"
"21",0008-09-17,"Leganes","Getafe",1,2,"A"
"22",0009-09-17,"Barcelona","Espanol",5,0,"H"
"23",0009-09-17,"Real Madrid","Levante",1,1,"D"
"24",0009-09-17,"Sevilla","Eibar",3,0,"H"
"25",0009-09-17,"Valencia","Ath Madrid",0,0,"D"
"26",0010-09-17,"Ath Bilbao","Girona",2,0,"H"
"27",0010-09-17,"Celta","Alaves",1,0,"H"
"28",0010-09-17,"La Coruna","Sociedad",2,4,"A"
"29",0010-09-17,"Villarreal","Betis",3,1,"H"
"30",0011-09-17,"Malaga","Las Palmas",1,3,"A"
"31",0015-09-17,"Eibar","Leganes",1,0,"H"
"32",0016-09-17,"Ath Madrid","Malaga",1,0,"H"
"33",0016-09-17,"Betis","La Coruna",2,1,"H"
"34",0016-09-17,"Getafe","Barcelona",1,2,"A"
"35",0016-09-17,"Levante","Valencia",1,1,"D"
"36",0017-09-17,"Alaves","Villarreal",0,3,"A"
"37",0017-09-17,"Girona","Sevilla",0,1,"A"
"38",0017-09-17,"Las Palmas","Ath Bilbao",1,0,"H"
"39",0017-09-17,"Sociedad","Real Madrid",1,3,"A"
"40",0018-09-17,"Espanol","Celta",2,1,"H"
"41",0019-09-17,"Barcelona","Eibar",6,1,"H"
"42",0019-09-17,"Valencia","Malaga",5,0,"H"
"43",0020-09-17,"Ath Bilbao","Ath Madrid",1,2,"A"
"44",0020-09-17,"La Coruna","Alaves",1,0,"H"
"45",0020-09-17,"Leganes","Girona",0,0,"D"
"46",0020-09-17,"Real Madrid","Betis",0,1,"A"
"47",0020-09-17,"Sevilla","Las Palmas",1,0,"H"
"48",0021-09-17,"Celta","Getafe",1,1,"D"
"49",0021-09-17,"Levante","Sociedad",3,0,"H"
"50",0021-09-17,"Villarreal","Espanol",0,0,"D"
"51",0023-09-17,"Alaves","Real Madrid",1,2,"A"
"52",0023-09-17,"Ath Madrid","Sevilla",2,0,"H"
"53",0023-09-17,"Girona","Barcelona",0,3,"A"
"54",0023-09-17,"Malaga","Ath Bilbao",3,3,"D"
"55",0024-09-17,"Eibar","Celta",0,4,"A"
"56",0024-09-17,"Espanol","La Coruna",4,1,"H"
"57",0024-09-17,"Getafe","Villarreal",4,0,"H"
"58",0024-09-17,"Las Palmas","Leganes",0,2,"A"
"59",0024-09-17,"Sociedad","Valencia",2,3,"A"
"60",0025-09-17,"Betis","Levante",4,0,"H"
"61",0029-09-17,"Celta","Girona",3,3,"D"
"62",0030-09-17,"La Coruna","Getafe",2,1,"H"
"63",0030-09-17,"Leganes","Ath Madrid",0,0,"D"
"64",0030-09-17,"Levante","Alaves",0,2,"A"
"65",0030-09-17,"Sevilla","Malaga",2,0,"H"
"66",0001-10-17,"Barcelona","Las Palmas",3,0,"H"
"67",0001-10-17,"Real Madrid","Espanol",2,0,"H"
"68",0001-10-17,"Sociedad","Betis",4,4,"D"
"69",0001-10-17,"Valencia","Ath Bilbao",3,2,"H"
"70",0001-10-17,"Villarreal","Eibar",3,0,"H"
"71",0013-10-17,"Espanol","Levante",0,0,"D"
"72",0014-10-17,"Alaves","Sociedad",0,2,"A"
"73",0014-10-17,"Ath Bilbao","Sevilla",1,0,"H"
"74",0014-10-17,"Ath Madrid","Barcelona",1,1,"D"
"75",0014-10-17,"Getafe","Real Madrid",1,2,"A"
"76",0015-10-17,"Betis","Valencia",3,6,"A"
"77",0015-10-17,"Eibar","La Coruna",0,0,"D"
"78",0015-10-17,"Girona","Villarreal",1,2,"A"
"79",0015-10-17,"Malaga","Leganes",0,2,"A"
"80",0016-10-17,"Las Palmas","Celta",2,5,"A"
"81",0021-10-17,"Barcelona","Malaga",2,0,"H"
"82",0021-10-17,"Betis","Alaves",2,0,"H"
"83",0021-10-17,"Levante","Getafe",1,1,"D"
"84",0021-10-17,"Valencia","Sevilla",4,0,"H"
"85",0022-10-17,"Celta","Ath Madrid",0,1,"A"
"86",0022-10-17,"Leganes","Ath Bilbao",1,0,"H"
"87",0022-10-17,"Real Madrid","Eibar",3,0,"H"
"88",0022-10-17,"Villarreal","Las Palmas",4,0,"H"
"89",0023-10-17,"La Coruna","Girona",1,2,"A"
"90",0023-10-17,"Sociedad","Espanol",1,1,"D"
"91",0028-10-17,"Alaves","Valencia",1,2,"A"
"92",0028-10-17,"Ath Bilbao","Barcelona",0,2,"A"
"93",0028-10-17,"Ath Madrid","Villarreal",1,1,"D"
"94",0028-10-17,"Sevilla","Leganes",2,1,"H"
"95",0029-10-17,"Eibar","Levante",2,2,"D"
"96",0029-10-17,"Getafe","Sociedad",2,1,"H"
"97",0029-10-17,"Girona","Real Madrid",2,1,"H"
"98",0029-10-17,"Malaga","Celta",2,1,"H"
"99",0030-10-17,"Espanol","Betis",1,0,"H"
"100",0030-10-17,"Las Palmas","La Coruna",1,3,"A"
"101",0003-11-17,"Betis","Getafe",2,2,"D"
"102",0004-11-17,"Alaves","Espanol",1,0,"H"
"103",0004-11-17,"Barcelona","Sevilla",2,1,"H"
"104",0004-11-17,"La Coruna","Ath Madrid",0,1,"A"
"105",0004-11-17,"Valencia","Leganes",3,0,"H"
"106",0005-11-17,"Celta","Ath Bilbao",3,1,"H"
"107",0005-11-17,"Levante","Girona",1,2,"A"
"108",0005-11-17,"Real Madrid","Las Palmas",3,0,"H"
"109",0005-11-17,"Sociedad","Eibar",3,1,"H"
"110",0005-11-17,"Villarreal","Malaga",2,0,"H"
"111",0017-11-17,"Girona","Sociedad",1,1,"D"
"112",0018-11-17,"Ath Madrid","Real Madrid",0,0,"D"
"113",0018-11-17,"Getafe","Alaves",4,1,"H"
"114",0018-11-17,"Leganes","Barcelona",0,3,"A"
"115",0018-11-17,"Sevilla","Celta",2,1,"H"
"116",0019-11-17,"Ath Bilbao","Villarreal",1,1,"D"
"117",0019-11-17,"Espanol","Valencia",0,2,"A"
"118",0019-11-17,"Las Palmas","Levante",0,2,"A"
"119",0019-11-17,"Malaga","La Coruna",3,2,"H"
"120",0020-11-17,"Eibar","Betis",5,0,"H"
"121",0024-11-17,"Celta","Leganes",1,0,"H"
"122",0025-11-17,"Alaves","Eibar",1,2,"A"
"123",0025-11-17,"Betis","Girona",2,2,"D"
"124",0025-11-17,"Levante","Ath Madrid",0,5,"A"
"125",0025-11-17,"Real Madrid","Malaga",3,2,"H"
"126",0026-11-17,"La Coruna","Ath Bilbao",2,2,"D"
"127",0026-11-17,"Sociedad","Las Palmas",2,2,"D"
"128",0026-11-17,"Valencia","Barcelona",1,1,"D"
"129",0026-11-17,"Villarreal","Sevilla",2,3,"A"
"130",0027-11-17,"Espanol","Getafe",1,0,"H"
"131",0001-12-17,"Malaga","Levante",0,0,"D"
"132",0002-12-17,"Ath Bilbao","Real Madrid",0,0,"D"
"133",0002-12-17,"Ath Madrid","Sociedad",2,1,"H"
"134",0002-12-17,"Barcelona","Celta",2,2,"D"
"135",0002-12-17,"Sevilla","La Coruna",2,0,"H"
"136",0003-12-17,"Eibar","Espanol",3,1,"H"
"137",0003-12-17,"Getafe","Valencia",1,0,"H"
"138",0003-12-17,"Las Palmas","Betis",1,0,"H"
"139",0003-12-17,"Leganes","Villarreal",3,1,"H"
"140",0004-12-17,"Girona","Alaves",2,3,"A"
"141",0008-12-17,"Alaves","Las Palmas",2,0,"H"
"142",0009-12-17,"Getafe","Eibar",0,0,"D"
"143",0009-12-17,"La Coruna","Leganes",1,0,"H"
"144",0009-12-17,"Real Madrid","Sevilla",5,0,"H"
"145",0009-12-17,"Valencia","Celta",2,1,"H"
"146",0010-12-17,"Betis","Ath Madrid",0,1,"A"
"147",0010-12-17,"Levante","Ath Bilbao",1,2,"A"
"148",0010-12-17,"Sociedad","Malaga",0,2,"A"
"149",0010-12-17,"Villarreal","Barcelona",0,2,"A"
"150",0011-12-17,"Espanol","Girona",0,1,"A"
"151",0015-12-17,"Sevilla","Levante",0,0,"D"
"152",0016-12-17,"Ath Bilbao","Sociedad",0,0,"D"
"153",0016-12-17,"Ath Madrid","Alaves",1,0,"H"
"154",0016-12-17,"Eibar","Valencia",2,1,"H"
"155",0017-12-17,"Barcelona","La Coruna",4,0,"H"
"156",0017-12-17,"Celta","Villarreal",0,1,"A"
"157",0017-12-17,"Girona","Getafe",1,0,"H"
"158",0017-12-17,"Las Palmas","Espanol",2,2,"D"
"159",0018-12-17,"Malaga","Betis",0,2,"A"
"160",0019-12-17,"Levante","Leganes",0,0,"D"
"161",0020-12-17,"Getafe","Las Palmas",2,0,"H"
"162",0020-12-17,"Sociedad","Sevilla",3,1,"H"
"163",0021-12-17,"Alaves","Malaga",1,0,"H"
"164",0021-12-17,"Eibar","Girona",4,1,"H"
"165",0022-12-17,"Betis","Ath Bilbao",0,2,"A"
"166",0022-12-17,"Espanol","Ath Madrid",1,0,"H"
"167",0023-12-17,"La Coruna","Celta",1,3,"A"
"168",0023-12-17,"Real Madrid","Barcelona",0,3,"A"
"169",0023-12-17,"Valencia","Villarreal",0,1,"A"
"170",0006-01-18,"Ath Madrid","Getafe",2,0,"H"
"171",0006-01-18,"Las Palmas","Eibar",1,2,"A"
"172",0006-01-18,"Sevilla","Betis",3,5,"A"
"173",0006-01-18,"Valencia","Girona",2,1,"H"
"174",0007-01-18,"Ath Bilbao","Alaves",2,0,"H"
"175",0007-01-18,"Barcelona","Levante",3,0,"H"
"176",0007-01-18,"Celta","Real Madrid",2,2,"D"
"177",0007-01-18,"Leganes","Sociedad",1,0,"H"
"178",0007-01-18,"Villarreal","La Coruna",1,1,"D"
"179",0008-01-18,"Malaga","Espanol",0,1,"A"
"180",0012-01-18,"Getafe","Malaga",1,0,"H"
"181",0013-01-18,"Eibar","Ath Madrid",0,1,"A"
"182",0013-01-18,"Girona","Las Palmas",6,0,"H"
"183",0013-01-18,"La Coruna","Valencia",1,2,"A"
"184",0013-01-18,"Real Madrid","Villarreal",0,1,"A"
"185",0014-01-18,"Alaves","Sevilla",1,0,"H"
"186",0014-01-18,"Espanol","Ath Bilbao",1,1,"D"
"187",0014-01-18,"Levante","Celta",0,1,"A"
"188",0014-01-18,"Sociedad","Barcelona",2,4,"A"
"189",0015-01-18,"Betis","Leganes",3,2,"H"
"190",0019-01-18,"Getafe","Ath Bilbao",2,2,"D"
"191",0020-01-18,"Ath Madrid","Girona",1,1,"D"
"192",0020-01-18,"Espanol","Sevilla",0,3,"A"
"193",0020-01-18,"Las Palmas","Valencia",2,1,"H"
"194",0020-01-18,"Villarreal","Levante",2,1,"H"
"195",0021-01-18,"Alaves","Leganes",2,2,"D"
"196",0021-01-18,"Betis","Barcelona",0,5,"A"
"197",0021-01-18,"Real Madrid","La Coruna",7,1,"H"
"198",0021-01-18,"Sociedad","Celta",1,2,"A"
"199",0022-01-18,"Eibar","Malaga",1,1,"D"
"200",0026-01-18,"Ath Bilbao","Eibar",1,1,"D"
"201",0027-01-18,"La Coruna","Levante",2,2,"D"
"202",0027-01-18,"Malaga","Girona",0,0,"D"
"203",0027-01-18,"Valencia","Real Madrid",1,4,"A"
"204",0027-01-18,"Villarreal","Sociedad",4,2,"H"
"205",0028-01-18,"Ath Madrid","Las Palmas",3,0,"H"
"206",0028-01-18,"Barcelona","Alaves",2,1,"H"
"207",0028-01-18,"Leganes","Espanol",3,2,"H"
"208",0028-01-18,"Sevilla","Getafe",1,1,"D"
"209",0029-01-18,"Celta","Betis",3,2,"H"
"210",0002-02-18,"Sociedad","La Coruna",5,0,"H"
"211",0003-02-18,"Alaves","Celta",2,1,"H"
"212",0003-02-18,"Betis","Villarreal",2,1,"H"
"213",0003-02-18,"Eibar","Sevilla",5,1,"H"
"214",0003-02-18,"Levante","Real Madrid",2,2,"D"
"215",0004-02-18,"Ath Madrid","Valencia",1,0,"H"
"216",0004-02-18,"Espanol","Barcelona",1,1,"D"
"217",0004-02-18,"Getafe","Leganes",0,0,"D"
"218",0004-02-18,"Girona","Ath Bilbao",2,0,"H"
"219",0005-02-18,"Las Palmas","Malaga",1,0,"H"
"220",0009-02-18,"Ath Bilbao","Las Palmas",0,0,"D"
"221",0010-02-18,"Leganes","Eibar",0,1,"A"
"222",0010-02-18,"Malaga","Ath Madrid",0,1,"A"
"223",0010-02-18,"Real Madrid","Sociedad",5,2,"H"
"224",0010-02-18,"Villarreal","Alaves",1,2,"A"
"225",0011-02-18,"Barcelona","Getafe",0,0,"D"
"226",0011-02-18,"Celta","Espanol",2,2,"D"
"227",0011-02-18,"Sevilla","Girona",1,0,"H"
"228",0011-02-18,"Valencia","Levante",3,1,"H"
"229",0012-02-18,"La Coruna","Betis",0,1,"A"
"230",0016-02-18,"Girona","Leganes",3,0,"H"
"231",0017-02-18,"Alaves","La Coruna",1,0,"H"
"232",0017-02-18,"Eibar","Barcelona",0,2,"A"
"233",0017-02-18,"Las Palmas","Sevilla",1,2,"A"
"234",0017-02-18,"Malaga","Valencia",1,2,"A"
"235",0018-02-18,"Ath Madrid","Ath Bilbao",2,0,"H"
"236",0018-02-18,"Betis","Real Madrid",3,5,"A"
"237",0018-02-18,"Espanol","Villarreal",1,1,"D"
"238",0018-02-18,"Sociedad","Levante",3,0,"H"
"239",0019-02-18,"Getafe","Celta",3,0,"H"
"240",0021-02-18,"Leganes","Real Madrid",1,3,"A"
"241",0023-02-18,"La Coruna","Espanol",0,0,"D"
"242",0024-02-18,"Barcelona","Girona",6,1,"H"
"243",0024-02-18,"Celta","Eibar",2,0,"H"
"244",0024-02-18,"Leganes","Las Palmas",0,0,"D"
"245",0024-02-18,"Real Madrid","Alaves",4,0,"H"
"246",0025-02-18,"Ath Bilbao","Malaga",2,1,"H"
"247",0025-02-18,"Sevilla","Ath Madrid",2,5,"A"
"248",0025-02-18,"Valencia","Sociedad",2,1,"H"
"249",0025-02-18,"Villarreal","Getafe",1,0,"H"
"250",0026-02-18,"Levante","Betis",0,2,"A"
"251",0027-02-18,"Espanol","Real Madrid",1,0,"H"
"252",0027-02-18,"Girona","Celta",1,0,"H"
"253",0028-02-18,"Ath Bilbao","Valencia",1,1,"D"
"254",0028-02-18,"Ath Madrid","Leganes",4,0,"H"
"255",0028-02-18,"Eibar","Villarreal",1,0,"H"
"256",0028-02-18,"Getafe","La Coruna",3,0,"H"
"257",0028-02-18,"Malaga","Sevilla",0,1,"A"
"258",0001-03-18,"Alaves","Levante",1,0,"H"
"259",0001-03-18,"Betis","Sociedad",0,0,"D"
"260",0001-03-18,"Las Palmas","Barcelona",1,1,"D"
"261",0003-03-18,"La Coruna","Eibar",1,1,"D"
"262",0003-03-18,"Leganes","Malaga",2,0,"H"
"263",0003-03-18,"Real Madrid","Getafe",3,1,"H"
"264",0003-03-18,"Sevilla","Ath Bilbao",2,0,"H"
"265",0003-03-18,"Villarreal","Girona",0,2,"A"
"266",0004-03-18,"Barcelona","Ath Madrid",1,0,"H"
"267",0004-03-18,"Levante","Espanol",1,1,"D"
"268",0004-03-18,"Sociedad","Alaves",2,1,"H"
"269",0004-03-18,"Valencia","Betis",2,0,"H"
"270",0005-03-18,"Celta","Las Palmas",2,1,"H"
"271",0009-03-18,"Girona","La Coruna",2,0,"H"
"272",0010-03-18,"Eibar","Real Madrid",1,2,"A"
"273",0010-03-18,"Getafe","Levante",0,1,"A"
"274",0010-03-18,"Malaga","Barcelona",0,2,"A"
"275",0010-03-18,"Sevilla","Valencia",0,2,"A"
"276",0011-03-18,"Ath Bilbao","Leganes",2,0,"H"
"277",0011-03-18,"Ath Madrid","Celta",3,0,"H"
"278",0011-03-18,"Espanol","Sociedad",2,1,"H"
"279",0011-03-18,"Las Palmas","Villarreal",0,2,"A"
"280",0012-03-18,"Alaves","Betis",1,3,"A"
"281",0016-03-18,"Levante","Eibar",2,1,"H"
"282",0017-03-18,"Betis","Espanol",3,0,"H"
"283",0017-03-18,"La Coruna","Las Palmas",1,1,"D"
"284",0017-03-18,"Sociedad","Getafe",1,2,"A"
"285",0017-03-18,"Valencia","Alaves",3,1,"H"
"286",0018-03-18,"Barcelona","Ath Bilbao",2,0,"H"
"287",0018-03-18,"Celta","Malaga",0,0,"D"
"288",0018-03-18,"Leganes","Sevilla",2,1,"H"
"289",0018-03-18,"Real Madrid","Girona",6,3,"H"
"290",0018-03-18,"Villarreal","Ath Madrid",2,1,"H"
"291",0031-03-18,"Ath Bilbao","Celta",1,1,"D"
"292",0031-03-18,"Girona","Levante",1,1,"D"
"293",0031-03-18,"Las Palmas","Real Madrid",0,3,"A"
"294",0031-03-18,"Sevilla","Barcelona",2,2,"D"
"295",0001-04-18,"Ath Madrid","La Coruna",1,0,"H"
"296",0001-04-18,"Eibar","Sociedad",0,0,"D"
"297",0001-04-18,"Espanol","Alaves",0,0,"D"
"298",0001-04-18,"Leganes","Valencia",0,1,"A"
"299",0001-04-18,"Malaga","Villarreal",1,0,"H"
"300",0002-04-18,"Getafe","Betis",0,1,"A"
"301",0006-04-18,"La Coruna","Malaga",3,2,"H"
"302",0007-04-18,"Alaves","Getafe",2,0,"H"
"303",0007-04-18,"Barcelona","Leganes",3,1,"H"
"304",0007-04-18,"Betis","Eibar",2,0,"H"
"305",0007-04-18,"Celta","Sevilla",4,0,"H"
"306",0008-04-18,"Levante","Las Palmas",2,1,"H"
"307",0008-04-18,"Real Madrid","Ath Madrid",1,1,"D"
"308",0008-04-18,"Sociedad","Girona",5,0,"H"
"309",0008-04-18,"Valencia","Espanol",1,0,"H"
"310",0009-04-18,"Villarreal","Ath Bilbao",1,3,"A"
"311",0013-04-18,"Girona","Betis",0,1,"A"
"312",0014-04-18,"Ath Bilbao","La Coruna",2,3,"A"
"313",0014-04-18,"Barcelona","Valencia",2,1,"H"
"314",0014-04-18,"Las Palmas","Sociedad",0,1,"A"
"315",0014-04-18,"Leganes","Celta",1,0,"H"
"316",0014-04-18,"Sevilla","Villarreal",2,2,"D"
"317",0015-04-18,"Ath Madrid","Levante",3,0,"H"
"318",0015-04-18,"Eibar","Alaves",0,1,"A"
"319",0015-04-18,"Getafe","Espanol",1,0,"H"
"320",0015-04-18,"Malaga","Real Madrid",1,2,"A"
"321",0017-04-18,"Celta","Barcelona",2,2,"D"
"322",0017-04-18,"La Coruna","Sevilla",0,0,"D"
"323",0017-04-18,"Villarreal","Leganes",2,1,"H"
"324",0018-04-18,"Espanol","Eibar",0,1,"A"
"325",0018-04-18,"Real Madrid","Ath Bilbao",1,1,"D"
"326",0018-04-18,"Valencia","Getafe",1,2,"A"
"327",0019-04-18,"Alaves","Girona",1,2,"A"
"328",0019-04-18,"Betis","Las Palmas",1,0,"H"
"329",0019-04-18,"Levante","Malaga",1,0,"H"
"330",0019-04-18,"Sociedad","Ath Madrid",3,0,"H"
"331",0020-04-18,"Leganes","La Coruna",0,0,"D"
"332",0021-04-18,"Celta","Valencia",1,1,"D"
"333",0021-04-18,"Eibar","Getafe",0,1,"A"
"334",0022-04-18,"Ath Madrid","Betis",0,0,"D"
"335",0022-04-18,"Girona","Espanol",0,2,"A"
"336",0022-04-18,"Las Palmas","Alaves",0,4,"A"
"337",0022-04-18,"Malaga","Sociedad",2,0,"H"
"338",0023-04-18,"Ath Bilbao","Levante",1,3,"A"
"339",0027-04-18,"Levante","Sevilla",2,1,"H"
"340",0028-04-18,"Espanol","Las Palmas",1,1,"D"
"341",0028-04-18,"Real Madrid","Leganes",2,1,"H"
"342",0028-04-18,"Sociedad","Ath Bilbao",3,1,"H"
"343",0028-04-18,"Villarreal","Celta",4,1,"H"
"344",0029-04-18,"Alaves","Ath Madrid",0,1,"A"
"345",0029-04-18,"Getafe","Girona",1,1,"D"
"346",0029-04-18,"La Coruna","Barcelona",2,4,"A"
"347",0029-04-18,"Valencia","Eibar",0,0,"D"
"348",0030-04-18,"Betis","Malaga",2,1,"H"
"349",0004-05-18,"Sevilla","Sociedad",1,0,"H"
"350",0005-05-18,"Ath Bilbao","Betis",2,0,"H"
"351",0005-05-18,"Celta","La Coruna",1,1,"D"
"352",0005-05-18,"Girona","Eibar",1,4,"A"
"353",0005-05-18,"Villarreal","Valencia",1,0,"H"
"354",0006-05-18,"Ath Madrid","Espanol",0,2,"A"
"355",0006-05-18,"Barcelona","Real Madrid",2,2,"D"
"356",0006-05-18,"Las Palmas","Getafe",0,1,"A"
"357",0006-05-18,"Malaga","Alaves",0,3,"A"
"358",0007-05-18,"Leganes","Levante",0,3,"A"
"359",0009-05-18,"Barcelona","Villarreal",5,1,"H"
"360",0009-05-18,"Sevilla","Real Madrid",3,2,"H"
"361",0012-05-18,"Alaves","Ath Bilbao",3,1,"H"
"362",0012-05-18,"Betis","Sevilla",2,2,"D"
"363",0012-05-18,"Eibar","Las Palmas",1,0,"H"
"364",0012-05-18,"Getafe","Ath Madrid",0,1,"A"
"365",0012-05-18,"Girona","Valencia",0,1,"A"
"366",0012-05-18,"La Coruna","Villarreal",2,4,"A"
"367",0012-05-18,"Real Madrid","Celta",6,0,"H"
"368",0012-05-18,"Sociedad","Leganes",3,2,"H"
"369",0013-05-18,"Espanol","Malaga",4,1,"H"
"370",0013-05-18,"Levante","Barcelona",5,4,"H"
"371",0019-05-18,"Celta","Levante",4,2,"H"
"372",0019-05-18,"Las Palmas","Girona",1,2,"A"
"373",0019-05-18,"Leganes","Betis",3,2,"H"
"374",0019-05-18,"Malaga","Getafe",0,1,"A"
"375",0019-05-18,"Sevilla","Alaves",1,0,"H"
"376",0019-05-18,"Villarreal","Real Madrid",2,2,"D"
"377",0020-05-18,"Ath Bilbao","Espanol",0,1,"A"
"378",0020-05-18,"Ath Madrid","Eibar",2,2,"D"
"379",0020-05-18,"Barcelona","Sociedad",1,0,"H"
"380",0020-05-18,"Valencia","La Coruna",2,1,"H"
"381",0017-08-20,"Betis","Levante",0,3,"A"
"382",0017-08-20,"Girona","Valladolid",0,0,"D"
"383",0018-08-20,"Barcelona","Alaves",3,0,"H"
"384",0018-08-20,"Celta","Espanol",1,1,"D"
"385",0018-08-20,"Villarreal","Sociedad",1,2,"A"
"386",0019-08-20,"Eibar","Huesca",1,2,"A"
"387",0019-08-20,"Real Madrid","Getafe",2,0,"H"
"388",0019-08-20,"Vallecano","Sevilla",1,4,"A"
"389",0020-08-20,"Ath Bilbao","Leganes",2,1,"H"
"390",0020-08-20,"Valencia","Ath Madrid",1,1,"D"
"391",0024-08-20,"Getafe","Eibar",2,0,"H"
"392",0024-08-20,"Leganes","Sociedad",2,2,"D"
"393",0025-08-20,"Alaves","Betis",0,0,"D"
"394",0025-08-20,"Ath Madrid","Vallecano",1,0,"H"
"395",0025-08-20,"Valladolid","Barcelona",0,1,"A"
"396",0026-08-20,"Espanol","Valencia",2,0,"H"
"397",0026-08-20,"Girona","Real Madrid",1,4,"A"
"398",0026-08-20,"Sevilla","Villarreal",0,0,"D"
"399",0027-08-20,"Ath Bilbao","Huesca",2,2,"D"
"400",0027-08-20,"Levante","Celta",1,2,"A"
"401",0031-08-20,"Eibar","Sociedad",2,1,"H"
"402",0031-08-20,"Getafe","Valladolid",0,0,"D"
"403",0031-08-20,"Villarreal","Girona",0,1,"A"
"404",0001-09-20,"Celta","Ath Madrid",2,0,"H"
"405",0001-09-20,"Real Madrid","Leganes",4,1,"H"
"406",0002-09-20,"Alaves","Espanol",2,1,"H"
"407",0002-09-20,"Barcelona","Huesca",8,2,"H"
"408",0002-09-20,"Betis","Sevilla",1,0,"H"
"409",0002-09-20,"Levante","Valencia",2,2,"D"
"410",0014-09-20,"Huesca","Vallecano",0,1,"A"
"411",0015-09-20,"Ath Bilbao","Real Madrid",1,1,"D"
"412",0015-09-20,"Ath Madrid","Eibar",1,1,"D"
"413",0015-09-20,"Sociedad","Barcelona",1,2,"A"
"414",0015-09-20,"Valencia","Betis",0,0,"D"
"415",0016-09-20,"Espanol","Levante",1,0,"H"
"416",0016-09-20,"Leganes","Villarreal",0,1,"A"
"417",0016-09-20,"Sevilla","Getafe",0,2,"A"
"418",0016-09-20,"Valladolid","Alaves",0,1,"A"
"419",0017-09-20,"Girona","Celta",3,2,"H"
"420",0021-09-20,"Huesca","Sociedad",0,1,"A"
"421",0022-09-20,"Celta","Valladolid",3,3,"D"
"422",0022-09-20,"Eibar","Leganes",1,0,"H"
"423",0022-09-20,"Getafe","Ath Madrid",0,2,"A"
"424",0022-09-20,"Real Madrid","Espanol",1,0,"H"
"425",0022-09-20,"Vallecano","Alaves",1,5,"A"
"426",0023-09-20,"Barcelona","Girona",2,2,"D"
"427",0023-09-20,"Betis","Ath Bilbao",2,2,"D"
"428",0023-09-20,"Levante","Sevilla",2,6,"A"
"429",0023-09-20,"Villarreal","Valencia",0,0,"D"
"430",0025-09-20,"Ath Madrid","Huesca",3,0,"H"
"431",0025-09-20,"Espanol","Eibar",1,0,"H"
"432",0025-09-20,"Sociedad","Vallecano",2,2,"D"
"433",0026-09-20,"Ath Bilbao","Villarreal",0,3,"A"
"434",0026-09-20,"Leganes","Barcelona",2,1,"H"
"435",0026-09-20,"Sevilla","Real Madrid",3,0,"H"
"436",0026-09-20,"Valencia","Celta",1,1,"D"
"437",0027-09-20,"Alaves","Getafe",1,1,"D"
"438",0027-09-20,"Girona","Betis",0,1,"A"
"439",0027-09-20,"Valladolid","Levante",2,1,"H"
"440",0028-09-20,"Vallecano","Espanol",2,2,"D"
"441",0029-09-20,"Barcelona","Ath Bilbao",1,1,"D"
"442",0029-09-20,"Eibar","Sevilla",1,3,"A"
"443",0029-09-20,"Real Madrid","Ath Madrid",0,0,"D"
"444",0029-09-20,"Sociedad","Valencia",0,1,"A"
"445",0030-09-20,"Betis","Leganes",1,0,"H"
"446",0030-09-20,"Huesca","Girona",1,1,"D"
"447",0030-09-20,"Levante","Alaves",2,1,"H"
"448",0030-09-20,"Villarreal","Valladolid",0,1,"A"
"449",0001-10-20,"Celta","Getafe",1,1,"D"
"450",0005-10-20,"Ath Bilbao","Sociedad",1,3,"A"
"451",0006-10-20,"Alaves","Real Madrid",1,0,"H"
"452",0006-10-20,"Getafe","Levante",0,1,"A"
"453",0006-10-20,"Girona","Eibar",2,3,"A"
"454",0006-10-20,"Leganes","Vallecano",1,0,"H"
"455",0007-10-20,"Ath Madrid","Betis",1,0,"H"
"456",0007-10-20,"Espanol","Villarreal",3,1,"H"
"457",0007-10-20,"Sevilla","Celta",2,1,"H"
"458",0007-10-20,"Valencia","Barcelona",1,1,"D"
"459",0007-10-20,"Valladolid","Huesca",1,0,"H"
"460",0019-10-20,"Celta","Alaves",0,1,"A"
"461",0020-10-20,"Barcelona","Sevilla",4,2,"H"
"462",0020-10-20,"Real Madrid","Levante",1,2,"A"
"463",0020-10-20,"Valencia","Leganes",1,1,"D"
"464",0020-10-20,"Villarreal","Ath Madrid",1,1,"D"
"465",0021-10-20,"Betis","Valladolid",0,1,"A"
"466",0021-10-20,"Eibar","Ath Bilbao",1,1,"D"
"467",0021-10-20,"Huesca","Espanol",0,2,"A"
"468",0021-10-20,"Vallecano","Getafe",1,2,"A"
"469",0022-10-20,"Sociedad","Girona",0,0,"D"
"470",0024-10-20,"Vallecano","Ath Bilbao",1,1,"D"
"471",0026-10-20,"Valladolid","Espanol",1,1,"D"
"472",0027-10-20,"Ath Bilbao","Valencia",0,0,"D"
"473",0027-10-20,"Ath Madrid","Sociedad",2,0,"H"
"474",0027-10-20,"Celta","Eibar",4,0,"H"
"475",0027-10-20,"Girona","Vallecano",2,1,"H"
"476",0027-10-20,"Levante","Leganes",2,0,"H"
"477",0028-10-20,"Alaves","Villarreal",2,1,"H"
"478",0028-10-20,"Barcelona","Real Madrid",5,1,"H"
"479",0028-10-20,"Getafe","Betis",2,0,"H"
"480",0028-10-20,"Sevilla","Huesca",2,1,"H"
"481",0003-11-20,"Leganes","Ath Madrid",1,1,"D"
"482",0003-11-20,"Real Madrid","Valladolid",2,0,"H"
"483",0003-11-20,"Valencia","Girona",0,1,"A"
"484",0003-11-20,"Vallecano","Barcelona",2,3,"A"
"485",0004-11-20,"Betis","Celta",3,3,"D"
"486",0004-11-20,"Eibar","Alaves",2,1,"H"
"487",0004-11-20,"Huesca","Getafe",1,1,"D"
"488",0004-11-20,"Sociedad","Sevilla",0,0,"D"
"489",0004-11-20,"Villarreal","Levante",1,1,"D"
"490",0005-11-20,"Espanol","Ath Bilbao",1,0,"H"
"491",0009-11-20,"Levante","Sociedad",1,3,"A"
"492",0010-11-20,"Ath Madrid","Ath Bilbao",3,2,"H"
"493",0010-11-20,"Getafe","Valencia",0,1,"A"
"494",0010-11-20,"Girona","Leganes",0,0,"D"
"495",0010-11-20,"Valladolid","Eibar",0,0,"D"
"496",0011-11-20,"Alaves","Huesca",2,1,"H"
"497",0011-11-20,"Barcelona","Betis",3,4,"A"
"498",0011-11-20,"Celta","Real Madrid",2,4,"A"
"499",0011-11-20,"Sevilla","Espanol",2,1,"H"
"500",0011-11-20,"Vallecano","Villarreal",2,2,"D"
"501",0023-11-20,"Leganes","Alaves",1,0,"H"
"502",0024-11-20,"Ath Madrid","Barcelona",1,1,"D"
"503",0024-11-20,"Eibar","Real Madrid",3,0,"H"
"504",0024-11-20,"Huesca","Levante",2,2,"D"
"505",0024-11-20,"Valencia","Vallecano",3,0,"H"
"506",0025-11-20,"Ath Bilbao","Getafe",1,1,"D"
"507",0025-11-20,"Espanol","Girona",1,3,"A"
"508",0025-11-20,"Sevilla","Valladolid",1,0,"H"
"509",0025-11-20,"Villarreal","Betis",2,1,"H"
"510",0026-11-20,"Sociedad","Celta",2,1,"H"
"511",0030-11-20,"Vallecano","Eibar",1,0,"H"
"512",0001-12-20,"Celta","Huesca",2,0,"H"
"513",0001-12-20,"Getafe","Espanol",3,0,"H"
"514",0001-12-20,"Real Madrid","Valencia",2,0,"H"
"515",0001-12-20,"Valladolid","Leganes",2,4,"A"
"516",0002-12-20,"Alaves","Sevilla",1,1,"D"
"517",0002-12-20,"Barcelona","Villarreal",2,0,"H"
"518",0002-12-20,"Betis","Sociedad",1,0,"H"
"519",0002-12-20,"Girona","Ath Madrid",1,1,"D"
"520",0003-12-20,"Levante","Ath Bilbao",3,0,"H"
"521",0007-12-20,"Leganes","Getafe",1,1,"D"
"522",0008-12-20,"Ath Madrid","Alaves",3,0,"H"
"523",0008-12-20,"Espanol","Barcelona",0,4,"A"
"524",0008-12-20,"Valencia","Sevilla",1,1,"D"
"525",0008-12-20,"Villarreal","Celta",2,3,"A"
"526",0009-12-20,"Betis","Vallecano",2,0,"H"
"527",0009-12-20,"Eibar","Levante",4,4,"D"
"528",0009-12-20,"Huesca","Real Madrid",0,1,"A"
"529",0009-12-20,"Sociedad","Valladolid",1,2,"A"
"530",0010-12-20,"Ath Bilbao","Girona",1,0,"H"
"531",0014-12-20,"Celta","Leganes",0,0,"D"
"532",0015-12-20,"Eibar","Valencia",1,1,"D"
"533",0015-12-20,"Getafe","Sociedad",1,0,"H"
"534",0015-12-20,"Real Madrid","Vallecano",1,0,"H"
"535",0015-12-20,"Valladolid","Ath Madrid",2,3,"A"
"536",0016-12-20,"Espanol","Betis",1,3,"A"
"537",0016-12-20,"Huesca","Villarreal",2,2,"D"
"538",0016-12-20,"Levante","Barcelona",0,5,"A"
"539",0016-12-20,"Sevilla","Girona",2,0,"H"
"540",0017-12-20,"Alaves","Ath Bilbao",0,0,"D"
"541",0021-12-20,"Girona","Getafe",1,1,"D"
"542",0021-12-20,"Sociedad","Alaves",0,1,"A"
"543",0022-12-20,"Ath Bilbao","Valladolid",1,1,"D"
"544",0022-12-20,"Ath Madrid","Espanol",1,0,"H"
"545",0022-12-20,"Barcelona","Celta",2,0,"H"
"546",0022-12-20,"Betis","Eibar",1,1,"D"
"547",0023-12-20,"Leganes","Sevilla",1,1,"D"
"548",0023-12-20,"Valencia","Huesca",2,1,"H"
"549",0023-12-20,"Vallecano","Levante",2,1,"H"
"550",0003-01-20,"Villarreal","Real Madrid",2,2,"D"
"551",0004-01-20,"Espanol","Leganes",1,0,"H"
"552",0004-01-20,"Levante","Girona",2,2,"D"
"553",0005-01-20,"Alaves","Valencia",2,1,"H"
"554",0005-01-20,"Huesca","Betis",2,1,"H"
"555",0005-01-20,"Valladolid","Vallecano",0,1,"A"
"556",0006-01-20,"Eibar","Villarreal",0,0,"D"
"557",0006-01-20,"Getafe","Barcelona",1,2,"A"
"558",0006-01-20,"Real Madrid","Sociedad",0,2,"A"
"559",0006-01-20,"Sevilla","Ath Madrid",1,1,"D"
"560",0007-01-20,"Celta","Ath Bilbao",1,2,"A"
"561",0011-01-20,"Vallecano","Celta",4,2,"H"
"562",0012-01-20,"Girona","Alaves",1,1,"D"
"563",0012-01-20,"Leganes","Huesca",1,0,"H"
"564",0012-01-20,"Valencia","Valladolid",1,1,"D"
"565",0012-01-20,"Villarreal","Getafe",1,2,"A"
"566",0013-01-20,"Ath Bilbao","Sevilla",2,0,"H"
"567",0013-01-20,"Ath Madrid","Levante",1,0,"H"
"568",0013-01-20,"Barcelona","Eibar",3,0,"H"
"569",0013-01-20,"Betis","Real Madrid",1,2,"A"
"570",0014-01-20,"Sociedad","Espanol",3,2,"H"
"571",0018-01-20,"Getafe","Alaves",4,0,"H"
"572",0019-01-20,"Celta","Valencia",1,2,"A"
"573",0019-01-20,"Huesca","Ath Madrid",0,3,"A"
"574",0019-01-20,"Real Madrid","Sevilla",2,0,"H"
"575",0020-01-20,"Barcelona","Leganes",3,1,"H"
"576",0020-01-20,"Betis","Girona",3,2,"H"
"577",0020-01-20,"Levante","Valladolid",2,0,"H"
"578",0020-01-20,"Vallecano","Sociedad",2,2,"D"
"579",0020-01-20,"Villarreal","Ath Bilbao",1,1,"D"
"580",0021-01-20,"Eibar","Espanol",3,0,"H"
"581",0026-01-20,"Ath Madrid","Getafe",2,0,"H"
"582",0026-01-20,"Leganes","Eibar",2,2,"D"
"583",0026-01-20,"Sevilla","Levante",5,0,"H"
"584",0026-01-20,"Valencia","Villarreal",3,0,"H"
"585",0027-01-20,"Ath Bilbao","Betis",1,0,"H"
"586",0027-01-20,"Espanol","Real Madrid",2,4,"A"
"587",0027-01-20,"Girona","Barcelona",0,2,"A"
"588",0027-01-20,"Sociedad","Huesca",0,0,"D"
"589",0027-01-20,"Valladolid","Celta",2,1,"H"
"590",0028-01-20,"Alaves","Vallecano",0,1,"A"
"591",0001-02-20,"Huesca","Valladolid",4,0,"H"
"592",0002-02-20,"Barcelona","Valencia",2,2,"D"
"593",0002-02-20,"Celta","Sevilla",1,0,"H"
"594",0002-02-20,"Levante","Getafe",0,0,"D"
"595",0002-02-20,"Sociedad","Ath Bilbao",2,1,"H"
"596",0003-02-20,"Betis","Ath Madrid",1,0,"H"
"597",0003-02-20,"Eibar","Girona",3,0,"H"
"598",0003-02-20,"Real Madrid","Alaves",3,0,"H"
"599",0003-02-20,"Villarreal","Espanol",2,2,"D"
"600",0004-02-20,"Vallecano","Leganes",1,2,"A"
"601",0008-02-20,"Valladolid","Villarreal",0,0,"D"
"602",0009-02-20,"Ath Madrid","Real Madrid",1,3,"A"
"603",0009-02-20,"Espanol","Vallecano",2,1,"H"
"604",0009-02-20,"Getafe","Celta",3,1,"H"
"605",0009-02-20,"Girona","Huesca",0,2,"A"
"606",0010-02-20,"Ath Bilbao","Barcelona",0,0,"D"
"607",0010-02-20,"Leganes","Betis",3,0,"H"
"608",0010-02-20,"Sevilla","Eibar",2,2,"D"
"609",0010-02-20,"Valencia","Sociedad",0,0,"D"
"610",0011-02-20,"Alaves","Levante",2,0,"H"
"611",0015-02-20,"Eibar","Getafe",2,2,"D"
"612",0016-02-20,"Barcelona","Valladolid",1,0,"H"
"613",0016-02-20,"Celta","Levante",1,4,"A"
"614",0016-02-20,"Sociedad","Leganes",3,0,"H"
"615",0016-02-20,"Vallecano","Ath Madrid",0,1,"A"
"616",0017-02-20,"Betis","Alaves",1,1,"D"
"617",0017-02-20,"Real Madrid","Girona",1,2,"A"
"618",0017-02-20,"Valencia","Espanol",0,0,"D"
"619",0017-02-20,"Villarreal","Sevilla",3,0,"H"
"620",0018-02-20,"Huesca","Ath Bilbao",0,1,"A"
"621",0022-02-20,"Espanol","Huesca",1,1,"D"
"622",0023-02-20,"Alaves","Celta",0,0,"D"
"623",0023-02-20,"Ath Bilbao","Eibar",1,0,"H"
"624",0023-02-20,"Getafe","Vallecano",2,1,"H"
"625",0023-02-20,"Sevilla","Barcelona",2,4,"A"
"626",0024-02-20,"Ath Madrid","Villarreal",2,0,"H"
"627",0024-02-20,"Leganes","Valencia",1,1,"D"
"628",0024-02-20,"Levante","Real Madrid",1,2,"A"
"629",0024-02-20,"Valladolid","Betis",0,2,"A"
"630",0025-02-20,"Girona","Sociedad",0,0,"D"
"631",0001-03-20,"Vallecano","Girona",0,2,"A"
"632",0002-03-20,"Espanol","Valladolid",3,1,"H"
"633",0002-03-20,"Huesca","Sevilla",2,1,"H"
"634",0002-03-20,"Real Madrid","Barcelona",0,1,"A"
"635",0002-03-20,"Villarreal","Alaves",1,2,"A"
"636",0003-03-20,"Betis","Getafe",1,2,"A"
"637",0003-03-20,"Eibar","Celta",1,0,"H"
"638",0003-03-20,"Sociedad","Ath Madrid",0,2,"A"
"639",0003-03-20,"Valencia","Ath Bilbao",2,0,"H"
"640",0004-03-20,"Leganes","Levante",1,0,"H"
"641",0008-03-20,"Ath Bilbao","Espanol",1,1,"D"
"642",0009-03-20,"Alaves","Eibar",1,1,"D"
"643",0009-03-20,"Ath Madrid","Leganes",1,0,"H"
"644",0009-03-20,"Barcelona","Vallecano",3,1,"H"
"645",0009-03-20,"Getafe","Huesca",2,1,"H"
"646",0010-03-20,"Celta","Betis",0,1,"A"
"647",0010-03-20,"Girona","Valencia",2,3,"A"
"648",0010-03-20,"Levante","Villarreal",0,2,"A"
"649",0010-03-20,"Sevilla","Sociedad",5,2,"H"
"650",0010-03-20,"Valladolid","Real Madrid",1,4,"A"
"651",0015-03-20,"Sociedad","Levante",1,1,"D"
"652",0016-03-20,"Ath Bilbao","Ath Madrid",2,0,"H"
"653",0016-03-20,"Huesca","Alaves",1,3,"A"
"654",0016-03-20,"Leganes","Girona",0,2,"A"
"655",0016-03-20,"Real Madrid","Celta",2,0,"H"
"656",0017-03-20,"Betis","Barcelona",1,4,"A"
"657",0017-03-20,"Eibar","Valladolid",1,2,"A"
"658",0017-03-20,"Espanol","Sevilla",0,1,"A"
"659",0017-03-20,"Valencia","Getafe",0,0,"D"
"660",0017-03-20,"Villarreal","Vallecano",3,1,"H"
"661",0029-03-20,"Girona","Ath Bilbao",1,2,"A"
"662",0030-03-20,"Alaves","Ath Madrid",0,4,"A"
"663",0030-03-20,"Barcelona","Espanol",2,0,"H"
"664",0030-03-20,"Celta","Villarreal",3,2,"H"
"665",0030-03-20,"Getafe","Leganes",0,2,"A"
"666",0031-03-20,"Levante","Eibar",2,2,"D"
"667",0031-03-20,"Real Madrid","Huesca",3,2,"H"
"668",0031-03-20,"Sevilla","Valencia",0,1,"A"
"669",0031-03-20,"Valladolid","Sociedad",1,1,"D"
"670",0031-03-20,"Vallecano","Betis",1,1,"D"
"671",0002-04-20,"Ath Madrid","Girona",2,0,"H"
"672",0002-04-20,"Espanol","Getafe",1,1,"D"
"673",0002-04-20,"Villarreal","Barcelona",4,4,"D"
"674",0003-04-20,"Ath Bilbao","Levante",3,2,"H"
"675",0003-04-20,"Eibar","Vallecano",2,1,"H"
"676",0003-04-20,"Huesca","Celta",3,3,"D"
"677",0003-04-20,"Valencia","Real Madrid",2,1,"H"
"678",0004-04-20,"Leganes","Valladolid",1,0,"H"
"679",0004-04-20,"Sevilla","Alaves",2,0,"H"
"680",0004-04-20,"Sociedad","Betis",2,1,"H"
"681",0006-04-20,"Barcelona","Ath Madrid",2,0,"H"
"682",0006-04-20,"Girona","Espanol",1,2,"A"
"683",0006-04-20,"Real Madrid","Eibar",2,1,"H"
"684",0006-04-20,"Vallecano","Valencia",2,0,"H"
"685",0007-04-20,"Alaves","Leganes",1,1,"D"
"686",0007-04-20,"Betis","Villarreal",2,1,"H"
"687",0007-04-20,"Celta","Sociedad",3,1,"H"
"688",0007-04-20,"Getafe","Ath Bilbao",1,0,"H"
"689",0007-04-20,"Levante","Huesca",2,2,"D"
"690",0007-04-20,"Valladolid","Sevilla",0,2,"A"
"691",0013-04-20,"Ath Madrid","Celta",2,0,"H"
"692",0013-04-20,"Espanol","Alaves",2,1,"H"
"693",0013-04-20,"Huesca","Barcelona",0,0,"D"
"694",0013-04-20,"Sevilla","Betis",3,2,"H"
"695",0014-04-20,"Ath Bilbao","Vallecano",3,2,"H"
"696",0014-04-20,"Girona","Villarreal",0,1,"A"
"697",0014-04-20,"Sociedad","Eibar",1,1,"D"
"698",0014-04-20,"Valencia","Levante",3,1,"H"
"699",0014-04-20,"Valladolid","Getafe",2,2,"D"
"700",0015-04-20,"Leganes","Real Madrid",1,1,"D"
"701",0019-04-20,"Alaves","Valladolid",2,2,"D"
"702",0020-04-20,"Barcelona","Sociedad",2,1,"H"
"703",0020-04-20,"Celta","Girona",2,1,"H"
"704",0020-04-20,"Eibar","Ath Madrid",0,1,"A"
"705",0020-04-20,"Vallecano","Huesca",0,0,"D"
"706",0021-04-20,"Betis","Valencia",1,2,"A"
"707",0021-04-20,"Getafe","Sevilla",3,0,"H"
"708",0021-04-20,"Levante","Espanol",2,2,"D"
"709",0021-04-20,"Real Madrid","Ath Bilbao",3,0,"H"
"710",0021-04-20,"Villarreal","Leganes",2,1,"H"
"711",0023-04-20,"Alaves","Barcelona",0,2,"A"
"712",0023-04-20,"Huesca","Eibar",2,0,"H"
"713",0023-04-20,"Valladolid","Girona",1,0,"H"
"714",0024-04-20,"Ath Madrid","Valencia",3,2,"H"
"715",0024-04-20,"Espanol","Celta",1,1,"D"
"716",0024-04-20,"Leganes","Ath Bilbao",0,1,"A"
"717",0024-04-20,"Levante","Betis",4,0,"H"
"718",0025-04-20,"Getafe","Real Madrid",0,0,"D"
"719",0025-04-20,"Sevilla","Vallecano",5,0,"H"
"720",0025-04-20,"Sociedad","Villarreal",0,1,"A"
"721",0027-04-20,"Ath Bilbao","Alaves",1,1,"D"
"722",0027-04-20,"Ath Madrid","Valladolid",1,0,"H"
"723",0027-04-20,"Barcelona","Levante",1,0,"H"
"724",0027-04-20,"Leganes","Celta",0,0,"D"
"725",0028-04-20,"Girona","Sevilla",1,0,"H"
"726",0028-04-20,"Sociedad","Getafe",2,1,"H"
"727",0028-04-20,"Valencia","Eibar",0,1,"A"
"728",0028-04-20,"Vallecano","Real Madrid",1,0,"H"
"729",0028-04-20,"Villarreal","Huesca",1,1,"D"
"730",0029-04-20,"Betis","Espanol",1,1,"D"
"731",0003-05-20,"Sevilla","Leganes",0,3,"A"
"732",0004-05-20,"Alaves","Sociedad",0,1,"A"
"733",0004-05-20,"Celta","Barcelona",2,0,"H"
"734",0004-05-20,"Espanol","Ath Madrid",3,0,"H"
"735",0004-05-20,"Levante","Vallecano",4,1,"H"
"736",0005-05-20,"Eibar","Betis",1,0,"H"
"737",0005-05-20,"Getafe","Girona",2,0,"H"
"738",0005-05-20,"Huesca","Valencia",2,6,"A"
"739",0005-05-20,"Real Madrid","Villarreal",3,2,"H"
"740",0005-05-20,"Valladolid","Ath Bilbao",1,0,"H"
"741",0012-05-20,"Ath Bilbao","Celta",3,1,"H"
"742",0012-05-20,"Ath Madrid","Sevilla",1,1,"D"
"743",0012-05-20,"Barcelona","Getafe",2,0,"H"
"744",0012-05-20,"Betis","Huesca",2,1,"H"
"745",0012-05-20,"Girona","Levante",1,2,"A"
"746",0012-05-20,"Leganes","Espanol",0,2,"A"
"747",0012-05-20,"Sociedad","Real Madrid",3,1,"H"
"748",0012-05-20,"Valencia","Alaves",3,1,"H"
"749",0012-05-20,"Vallecano","Valladolid",1,2,"A"
"750",0012-05-20,"Villarreal","Eibar",1,0,"H"
"751",0018-05-20,"Alaves","Girona",2,1,"H"
"752",0018-05-20,"Celta","Vallecano",2,2,"D"
"753",0018-05-20,"Espanol","Sociedad",2,0,"H"
"754",0018-05-20,"Getafe","Villarreal",2,2,"D"
"755",0018-05-20,"Huesca","Leganes",2,1,"H"
"756",0018-05-20,"Levante","Ath Madrid",2,2,"D"
"757",0018-05-20,"Sevilla","Ath Bilbao",2,0,"H"
"758",0018-05-20,"Valladolid","Valencia",0,2,"A"
"759",0019-05-20,"Eibar","Barcelona",2,2,"D"
"760",0019-05-20,"Real Madrid","Betis",0,2,"A"
"761",0016-08-20,"Ath Bilbao","Barcelona",1,0,"H"
"762",0017-08-20,"Celta","Real Madrid",1,3,"A"
"763",0017-08-20,"Valencia","Sociedad",1,1,"D"
"764",0017-08-20,"Mallorca","Eibar",2,1,"H"
"765",0017-08-20,"Leganes","Osasuna",0,1,"A"
"766",0017-08-20,"Villarreal","Granada",4,4,"D"
"767",0018-08-20,"Alaves","Levante",1,0,"H"
"768",0018-08-20,"Espanol","Sevilla",0,2,"A"
"769",0018-08-20,"Betis","Valladolid",1,2,"A"
"770",0018-08-20,"Ath Madrid","Getafe",1,0,"H"
"771",0023-08-20,"Granada","Sevilla",0,1,"A"
"772",0023-08-20,"Levante","Villarreal",2,1,"H"
"773",0024-08-20,"Osasuna","Eibar",0,0,"D"
"774",0024-08-20,"Real Madrid","Valladolid",1,1,"D"
"775",0024-08-20,"Celta","Valencia",1,0,"H"
"776",0024-08-20,"Getafe","Ath Bilbao",1,1,"D"
"777",0025-08-20,"Alaves","Espanol",0,0,"D"
"778",0025-08-20,"Mallorca","Sociedad",0,1,"A"
"779",0025-08-20,"Leganes","Ath Madrid",0,1,"A"
"780",0025-08-20,"Barcelona","Betis",5,2,"H"
"781",0030-08-20,"Sevilla","Celta",1,1,"D"
"782",0030-08-20,"Ath Bilbao","Sociedad",2,0,"H"
"783",0031-08-20,"Osasuna","Barcelona",2,2,"D"
"784",0031-08-20,"Getafe","Alaves",1,1,"D"
"785",0031-08-20,"Levante","Valladolid",2,0,"H"
"786",0031-08-20,"Betis","Leganes",2,1,"H"
"787",0001-09-20,"Valencia","Mallorca",2,0,"H"
"788",0001-09-20,"Ath Madrid","Eibar",3,2,"H"
"789",0001-09-20,"Espanol","Granada",0,3,"A"
"790",0001-09-20,"Villarreal","Real Madrid",2,2,"D"
"791",0013-09-20,"Mallorca","Ath Bilbao",0,0,"D"
"792",0014-09-20,"Real Madrid","Levante",3,2,"H"
"793",0014-09-20,"Leganes","Villarreal",0,3,"A"
"794",0014-09-20,"Sociedad","Ath Madrid",2,0,"H"
"795",0014-09-20,"Barcelona","Valencia",5,2,"H"
"796",0015-09-20,"Eibar","Espanol",1,2,"A"
"797",0015-09-20,"Alaves","Sevilla",0,1,"A"
"798",0015-09-20,"Celta","Granada",0,2,"A"
"799",0015-09-20,"Valladolid","Osasuna",1,1,"D"
"800",0015-09-20,"Betis","Getafe",1,1,"D"
"801",0020-09-20,"Osasuna","Betis",0,0,"D"
"802",0021-09-20,"Villarreal","Valladolid",2,0,"H"
"803",0021-09-20,"Levante","Eibar",0,0,"D"
"804",0021-09-20,"Ath Madrid","Celta",0,0,"D"
"805",0021-09-20,"Granada","Barcelona",2,0,"H"
"806",0022-09-20,"Getafe","Mallorca",4,2,"H"
"807",0022-09-20,"Espanol","Sociedad",1,3,"A"
"808",0022-09-20,"Valencia","Leganes",1,1,"D"
"809",0022-09-20,"Ath Bilbao","Alaves",2,0,"H"
"810",0022-09-20,"Sevilla","Real Madrid",0,1,"A"
"811",0024-09-20,"Valladolid","Granada",1,1,"D"
"812",0024-09-20,"Betis","Levante",3,1,"H"
"813",0024-09-20,"Barcelona","Villarreal",2,1,"H"
"814",0025-09-20,"Leganes","Ath Bilbao",1,1,"D"
"815",0025-09-20,"Mallorca","Ath Madrid",0,2,"A"
"816",0025-09-20,"Valencia","Getafe",3,3,"D"
"817",0025-09-20,"Real Madrid","Osasuna",2,0,"H"
"818",0026-09-20,"Eibar","Sevilla",3,2,"H"
"819",0026-09-20,"Celta","Espanol",1,1,"D"
"820",0026-09-20,"Sociedad","Alaves",3,0,"H"
"821",0027-09-20,"Villarreal","Betis",5,1,"H"
"822",0028-09-20,"Ath Bilbao","Valencia",0,1,"A"
"823",0028-09-20,"Getafe","Barcelona",0,2,"A"
"824",0028-09-20,"Granada","Leganes",1,0,"H"
"825",0028-09-20,"Ath Madrid","Real Madrid",0,0,"D"
"826",0029-09-20,"Espanol","Valladolid",0,2,"A"
"827",0029-09-20,"Eibar","Celta",2,0,"H"
"828",0029-09-20,"Alaves","Mallorca",2,0,"H"
"829",0029-09-20,"Levante","Osasuna",1,1,"D"
"830",0029-09-20,"Sevilla","Sociedad",3,2,"H"
"831",0004-10-20,"Betis","Eibar",1,1,"D"
"832",0005-10-20,"Leganes","Levante",1,2,"A"
"833",0005-10-20,"Real Madrid","Granada",4,2,"H"
"834",0005-10-20,"Valencia","Alaves",2,1,"H"
"835",0005-10-20,"Osasuna","Villarreal",2,1,"H"
"836",0006-10-20,"Mallorca","Espanol",2,0,"H"
"837",0006-10-20,"Celta","Ath Bilbao",1,0,"H"
"838",0006-10-20,"Valladolid","Ath Madrid",0,0,"D"
"839",0006-10-20,"Sociedad","Getafe",1,2,"A"
"840",0006-10-20,"Barcelona","Sevilla",4,0,"H"
"841",0018-10-20,"Granada","Osasuna",1,0,"H"
"842",0019-10-20,"Eibar","Barcelona",0,3,"A"
"843",0019-10-20,"Ath Madrid","Valencia",1,1,"D"
"844",0019-10-20,"Getafe","Leganes",2,0,"H"
"845",0019-10-20,"Mallorca","Real Madrid",1,0,"H"
"846",0020-10-20,"Alaves","Celta",2,0,"H"
"847",0020-10-20,"Sociedad","Betis",3,1,"H"
"848",0020-10-20,"Espanol","Villarreal",0,1,"A"
"849",0020-10-20,"Ath Bilbao","Valladolid",1,1,"D"
"850",0020-10-20,"Sevilla","Levante",1,0,"H"
"851",0025-10-20,"Villarreal","Alaves",4,1,"H"
"852",0026-10-20,"Leganes","Mallorca",1,0,"H"
"853",0026-10-20,"Valladolid","Eibar",2,0,"H"
"854",0026-10-20,"Ath Madrid","Ath Bilbao",2,0,"H"
"855",0027-10-20,"Celta","Sociedad",0,1,"A"
"856",0027-10-20,"Granada","Betis",1,0,"H"
"857",0027-10-20,"Levante","Espanol",0,1,"A"
"858",0027-10-20,"Sevilla","Getafe",2,0,"H"
"859",0027-10-20,"Osasuna","Valencia",3,1,"H"
"860",0029-10-20,"Alaves","Ath Madrid",1,1,"D"
"861",0029-10-20,"Barcelona","Valladolid",5,1,"H"
"862",0030-10-20,"Sociedad","Levante",1,2,"A"
"863",0030-10-20,"Valencia","Sevilla",1,1,"D"
"864",0030-10-20,"Ath Bilbao","Espanol",3,0,"H"
"865",0030-10-20,"Betis","Celta",2,1,"H"
"866",0030-10-20,"Real Madrid","Leganes",5,0,"H"
"867",0031-10-20,"Eibar","Villarreal",2,1,"H"
"868",0031-10-20,"Mallorca","Osasuna",2,2,"D"
"869",0031-10-20,"Getafe","Granada",3,1,"H"
"870",0002-11-20,"Espanol","Valencia",1,2,"A"
"871",0002-11-20,"Levante","Barcelona",3,1,"H"
"872",0002-11-20,"Sevilla","Ath Madrid",1,1,"D"
"873",0002-11-20,"Real Madrid","Betis",0,0,"D"
"874",0003-11-20,"Valladolid","Mallorca",3,0,"H"
"875",0003-11-20,"Villarreal","Ath Bilbao",0,0,"D"
"876",0003-11-20,"Osasuna","Alaves",4,2,"H"
"877",0003-11-20,"Celta","Getafe",0,1,"A"
"878",0003-11-20,"Leganes","Eibar",1,2,"A"
"879",0003-11-20,"Granada","Sociedad",1,2,"A"
"880",0008-11-20,"Sociedad","Leganes",1,1,"D"
"881",0009-11-20,"Alaves","Valladolid",3,0,"H"
"882",0009-11-20,"Valencia","Granada",2,0,"H"
"883",0009-11-20,"Eibar","Real Madrid",0,4,"A"
"884",0009-11-20,"Barcelona","Celta",4,1,"H"
"885",0010-11-20,"Mallorca","Villarreal",3,1,"H"
"886",0010-11-20,"Ath Bilbao","Levante",2,1,"H"
"887",0010-11-20,"Ath Madrid","Espanol",3,1,"H"
"888",0010-11-20,"Getafe","Osasuna",0,0,"D"
"889",0010-11-20,"Betis","Sevilla",1,2,"A"
"890",0022-11-20,"Levante","Mallorca",2,1,"H"
"891",0023-11-20,"Leganes","Barcelona",1,2,"A"
"892",0023-11-20,"Betis","Valencia",2,1,"H"
"893",0023-11-20,"Granada","Ath Madrid",1,1,"D"
"894",0023-11-20,"Real Madrid","Sociedad",3,1,"H"
"895",0024-11-20,"Espanol","Getafe",1,1,"D"
"896",0024-11-20,"Osasuna","Ath Bilbao",1,2,"A"
"897",0024-11-20,"Eibar","Alaves",0,2,"A"
"898",0024-11-20,"Villarreal","Celta",1,3,"A"
"899",0024-11-20,"Valladolid","Sevilla",0,1,"A"
"900",0029-11-20,"Celta","Valladolid",0,0,"D"
"901",0030-11-20,"Alaves","Real Madrid",1,2,"A"
"902",0030-11-20,"Sociedad","Eibar",4,1,"H"
"903",0030-11-20,"Mallorca","Betis",1,2,"A"
"904",0030-11-20,"Valencia","Villarreal",2,1,"H"
"905",0001-12-20,"Sevilla","Leganes",1,0,"H"
"906",0001-12-20,"Ath Bilbao","Granada",2,0,"H"
"907",0001-12-20,"Espanol","Osasuna",2,4,"A"
"908",0001-12-20,"Getafe","Levante",4,0,"H"
"909",0001-12-20,"Ath Madrid","Barcelona",0,1,"A"
"910",0006-12-20,"Villarreal","Ath Madrid",0,0,"D"
"911",0007-12-20,"Real Madrid","Espanol",2,0,"H"
"912",0007-12-20,"Granada","Alaves",3,0,"H"
"913",0007-12-20,"Levante","Valencia",2,4,"A"
"914",0007-12-20,"Barcelona","Mallorca",5,2,"H"
"915",0008-12-20,"Eibar","Getafe",0,1,"A"
"916",0008-12-20,"Betis","Ath Bilbao",3,2,"H"
"917",0008-12-20,"Valladolid","Sociedad",0,0,"D"
"918",0008-12-20,"Leganes","Celta",3,2,"H"
"919",0008-12-20,"Osasuna","Sevilla",1,1,"D"
"920",0013-12-20,"Alaves","Leganes",1,1,"D"
"921",0014-12-20,"Granada","Levante",1,2,"A"
"922",0014-12-20,"Sociedad","Barcelona",2,2,"D"
"923",0014-12-20,"Ath Bilbao","Eibar",0,0,"D"
"924",0014-12-20,"Ath Madrid","Osasuna",2,0,"H"
"925",0015-12-20,"Getafe","Valladolid",2,0,"H"
"926",0015-12-20,"Celta","Mallorca",2,2,"D"
"927",0015-12-20,"Espanol","Betis",2,2,"D"
"928",0015-12-20,"Sevilla","Villarreal",1,2,"A"
"929",0015-12-20,"Valencia","Real Madrid",1,1,"D"
"930",0018-12-20,"Barcelona","Real Madrid",0,0,"D"
"931",0020-12-20,"Eibar","Granada",3,0,"H"
"932",0021-12-20,"Mallorca","Sevilla",0,2,"A"
"933",0021-12-20,"Barcelona","Alaves",4,1,"H"
"934",0021-12-20,"Villarreal","Getafe",1,0,"H"
"935",0021-12-20,"Valladolid","Valencia",1,1,"D"
"936",0022-12-20,"Leganes","Espanol",2,0,"H"
"937",0022-12-20,"Osasuna","Sociedad",3,4,"A"
"938",0022-12-20,"Betis","Ath Madrid",1,2,"A"
"939",0022-12-20,"Levante","Celta",3,1,"H"
"940",0022-12-20,"Real Madrid","Ath Bilbao",0,0,"D"
"941",0003-01-20,"Valladolid","Leganes",2,2,"D"
"942",0003-01-20,"Sevilla","Ath Bilbao",1,1,"D"
"943",0004-01-20,"Valencia","Eibar",1,0,"H"
"944",0004-01-20,"Getafe","Real Madrid",0,3,"A"
"945",0004-01-20,"Ath Madrid","Levante",2,1,"H"
"946",0004-01-20,"Espanol","Barcelona",2,2,"D"
"947",0005-01-20,"Granada","Mallorca",1,0,"H"
"948",0005-01-20,"Sociedad","Villarreal",1,2,"A"
"949",0005-01-20,"Alaves","Betis",1,1,"D"
"950",0005-01-20,"Celta","Osasuna",1,1,"D"
"951",0017-01-20,"Leganes","Getafe",0,3,"A"
"952",0018-01-20,"Levante","Alaves",0,1,"A"
"953",0018-01-20,"Real Madrid","Sevilla",2,1,"H"
"954",0018-01-20,"Osasuna","Valladolid",0,0,"D"
"955",0018-01-20,"Eibar","Ath Madrid",2,0,"H"
"956",0019-01-20,"Mallorca","Valencia",4,1,"H"
"957",0019-01-20,"Betis","Sociedad",3,0,"H"
"958",0019-01-20,"Villarreal","Espanol",1,2,"A"
"959",0019-01-20,"Ath Bilbao","Celta",1,1,"D"
"960",0019-01-20,"Barcelona","Granada",1,0,"H"
"961",0024-01-20,"Osasuna","Levante",2,0,"H"
"962",0025-01-20,"Espanol","Ath Bilbao",1,1,"D"
"963",0025-01-20,"Valencia","Barcelona",2,0,"H"
"964",0025-01-20,"Alaves","Villarreal",1,2,"A"
"965",0025-01-20,"Sevilla","Granada",2,0,"H"
"966",0026-01-20,"Ath Madrid","Leganes",0,0,"D"
"967",0026-01-20,"Celta","Eibar",0,0,"D"
"968",0026-01-20,"Getafe","Betis",1,0,"H"
"969",0026-01-20,"Sociedad","Mallorca",3,0,"H"
"970",0026-01-20,"Valladolid","Real Madrid",0,1,"A"
"971",0001-02-20,"Granada","Espanol",2,1,"H"
"972",0001-02-20,"Real Madrid","Ath Madrid",1,0,"H"
"973",0001-02-20,"Mallorca","Valladolid",0,1,"A"
"974",0001-02-20,"Valencia","Celta",1,0,"H"
"975",0002-02-20,"Leganes","Sociedad",2,1,"H"
"976",0002-02-20,"Eibar","Betis",1,1,"D"
"977",0002-02-20,"Ath Bilbao","Getafe",0,2,"A"
"978",0002-02-20,"Sevilla","Alaves",1,1,"D"
"979",0002-02-20,"Villarreal","Osasuna",3,1,"H"
"980",0002-02-20,"Barcelona","Levante",2,1,"H"
"981",0007-02-20,"Alaves","Eibar",2,1,"H"
"982",0008-02-20,"Levante","Leganes",2,0,"H"
"983",0008-02-20,"Getafe","Valencia",3,0,"H"
"984",0008-02-20,"Valladolid","Villarreal",1,1,"D"
"985",0008-02-20,"Ath Madrid","Granada",1,0,"H"
"986",0009-02-20,"Espanol","Mallorca",1,0,"H"
"987",0009-02-20,"Sociedad","Ath Bilbao",2,1,"H"
"988",0009-02-20,"Osasuna","Real Madrid",1,4,"A"
"989",0009-02-20,"Celta","Sevilla",2,1,"H"
"990",0009-02-20,"Betis","Barcelona",2,3,"A"
"991",0014-02-20,"Valencia","Ath Madrid",2,2,"D"
"992",0015-02-20,"Mallorca","Alaves",1,0,"H"
"993",0015-02-20,"Barcelona","Getafe",2,1,"H"
"994",0015-02-20,"Villarreal","Levante",2,1,"H"
"995",0015-02-20,"Granada","Valladolid",2,1,"H"
"996",0016-02-20,"Sevilla","Espanol",2,2,"D"
"997",0016-02-20,"Leganes","Betis",0,0,"D"
"998",0016-02-20,"Ath Bilbao","Osasuna",0,1,"A"
"999",0016-02-20,"Real Madrid","Celta",2,2,"D"
"1000",0021-02-20,"Betis","Mallorca",3,3,"D"
"1001",0022-02-20,"Celta","Leganes",1,0,"H"
"1002",0022-02-20,"Barcelona","Eibar",5,0,"H"
"1003",0022-02-20,"Sociedad","Valencia",3,0,"H"
"1004",0022-02-20,"Levante","Real Madrid",1,0,"H"
"1005",0023-02-20,"Osasuna","Granada",0,3,"A"
"1006",0023-02-20,"Alaves","Ath Bilbao",2,1,"H"
"1007",0023-02-20,"Valladolid","Espanol",2,1,"H"
"1008",0023-02-20,"Getafe","Sevilla",0,3,"A"
"1009",0023-02-20,"Ath Madrid","Villarreal",3,1,"H"
"1010",0028-02-20,"Sociedad","Valladolid",1,0,"H"
"1011",0029-02-20,"Eibar","Levante",3,0,"H"
"1012",0029-02-20,"Valencia","Betis",2,1,"H"
"1013",0029-02-20,"Leganes","Alaves",1,1,"D"
"1014",0029-02-20,"Granada","Celta",0,0,"D"
"1015",0001-03-20,"Sevilla","Osasuna",3,2,"H"
"1016",0001-03-20,"Ath Bilbao","Villarreal",1,0,"H"
"1017",0001-03-20,"Espanol","Ath Madrid",1,1,"D"
"1018",0001-03-20,"Mallorca","Getafe",0,1,"A"
"1019",0001-03-20,"Real Madrid","Barcelona",2,0,"H"
"1020",0006-03-20,"Alaves","Valencia",1,1,"D"
"1021",0007-03-20,"Eibar","Mallorca",1,2,"A"
"1022",0007-03-20,"Ath Madrid","Sevilla",2,2,"D"
"1023",0007-03-20,"Barcelona","Sociedad",1,0,"H"
"1024",0007-03-20,"Getafe","Celta",0,0,"D"
"1025",0008-03-20,"Osasuna","Espanol",1,0,"H"
"1026",0008-03-20,"Valladolid","Ath Bilbao",1,4,"A"
"1027",0008-03-20,"Levante","Granada",1,1,"D"
"1028",0008-03-20,"Villarreal","Leganes",1,2,"A"
"1029",0008-03-20,"Betis","Real Madrid",2,1,"H"
"1030",0010-03-20,"Eibar","Sociedad",1,2,"A"
"1031",0011-06-20,"Sevilla","Betis",2,0,"H"
"1032",0012-06-20,"Granada","Getafe",2,1,"H"
"1033",0012-06-20,"Valencia","Levante",1,1,"D"
"1034",0013-06-20,"Espanol","Alaves",2,0,"H"
"1035",0013-06-20,"Celta","Villarreal",0,1,"A"
"1036",0013-06-20,"Leganes","Valladolid",1,2,"A"
"1037",0013-06-20,"Mallorca","Barcelona",0,4,"A"
"1038",0014-06-20,"Ath Bilbao","Ath Madrid",1,1,"D"
"1039",0014-06-20,"Real Madrid","Eibar",3,1,"H"
"1040",0014-06-20,"Sociedad","Osasuna",1,1,"D"
"1041",0015-06-20,"Levante","Sevilla",1,1,"D"
"1042",0015-06-20,"Betis","Granada",2,2,"D"
"1043",0016-06-20,"Getafe","Espanol",0,0,"D"
"1044",0016-06-20,"Villarreal","Mallorca",1,0,"H"
"1045",0016-06-20,"Barcelona","Leganes",2,0,"H"
"1046",0017-06-20,"Eibar","Ath Bilbao",2,2,"D"
"1047",0017-06-20,"Valladolid","Celta",0,0,"D"
"1048",0017-06-20,"Osasuna","Ath Madrid",0,5,"A"
"1049",0018-06-20,"Alaves","Sociedad",2,0,"H"
"1050",0018-06-20,"Real Madrid","Valencia",3,0,"H"
"1051",0019-06-20,"Granada","Villarreal",0,1,"A"
"1052",0019-06-20,"Mallorca","Leganes",1,1,"D"
"1053",0019-06-20,"Sevilla","Barcelona",0,0,"D"
"1054",0020-06-20,"Espanol","Levante",1,3,"A"
"1055",0020-06-20,"Ath Bilbao","Betis",1,0,"H"
"1056",0020-06-20,"Getafe","Eibar",1,1,"D"
"1057",0020-06-20,"Ath Madrid","Valladolid",1,0,"H"
"1058",0021-06-20,"Celta","Alaves",6,0,"H"
"1059",0021-06-20,"Valencia","Osasuna",2,0,"H"
"1060",0021-06-20,"Sociedad","Real Madrid",1,2,"A"
"1061",0022-06-20,"Villarreal","Sevilla",2,2,"D"
"1062",0022-06-20,"Leganes","Granada",0,0,"D"
"1063",0023-06-20,"Levante","Ath Madrid",0,1,"A"
"1064",0023-06-20,"Valladolid","Getafe",1,1,"D"
"1065",0023-06-20,"Barcelona","Ath Bilbao",1,0,"H"
"1066",0024-06-20,"Alaves","Osasuna",0,1,"A"
"1067",0024-06-20,"Sociedad","Celta",0,1,"A"
"1068",0024-06-20,"Real Madrid","Mallorca",2,0,"H"
"1069",0025-06-20,"Eibar","Valencia",1,0,"H"
"1070",0025-06-20,"Betis","Espanol",1,0,"H"
"1071",0026-06-20,"Sevilla","Valladolid",1,1,"D"
"1072",0027-06-20,"Ath Bilbao","Mallorca",3,1,"H"
"1073",0027-06-20,"Celta","Barcelona",2,2,"D"
"1074",0027-06-20,"Osasuna","Leganes",2,1,"H"
"1075",0027-06-20,"Ath Madrid","Alaves",2,1,"H"
"1076",0028-06-20,"Levante","Betis",4,2,"H"
"1077",0028-06-20,"Villarreal","Valencia",2,0,"H"
"1078",0028-06-20,"Granada","Eibar",1,2,"A"
"1079",0028-06-20,"Espanol","Real Madrid",0,1,"A"
"1080",0029-06-20,"Getafe","Sociedad",2,1,"H"
"1081",0030-06-20,"Mallorca","Celta",5,1,"H"
"1082",0030-06-20,"Leganes","Sevilla",0,3,"A"
"1083",0030-06-20,"Barcelona","Ath Madrid",2,2,"D"
"1084",0001-07-20,"Alaves","Granada",0,2,"A"
"1085",0001-07-20,"Valencia","Ath Bilbao",0,2,"A"
"1086",0001-07-20,"Betis","Villarreal",0,2,"A"
"1087",0001-07-20,"Valladolid","Levante",0,0,"D"
"1088",0002-07-20,"Eibar","Osasuna",0,2,"A"
"1089",0002-07-20,"Sociedad","Espanol",2,1,"H"
"1090",0002-07-20,"Real Madrid","Getafe",1,0,"H"
"1091",0003-07-20,"Ath Madrid","Mallorca",3,0,"H"
"1092",0004-07-20,"Celta","Betis",1,1,"D"
"1093",0004-07-20,"Valladolid","Alaves",1,0,"H"
"1094",0004-07-20,"Granada","Valencia",2,2,"D"
"1095",0005-07-20,"Ath Bilbao","Real Madrid",0,1,"A"
"1096",0005-07-20,"Espanol","Leganes",0,1,"A"
"1097",0005-07-20,"Osasuna","Getafe",0,0,"D"
"1098",0005-07-20,"Villarreal","Barcelona",1,4,"A"
"1099",0006-07-20,"Levante","Sociedad",1,1,"D"
"1100",0006-07-20,"Sevilla","Eibar",1,0,"H"
"1101",0007-07-20,"Valencia","Valladolid",2,1,"H"
"1102",0007-07-20,"Celta","Ath Madrid",1,1,"D"
"1103",0008-07-20,"Betis","Osasuna",3,0,"H"
"1104",0008-07-20,"Getafe","Villarreal",1,3,"A"
"1105",0008-07-20,"Barcelona","Espanol",1,0,"H"
"1106",0009-07-20,"Eibar","Leganes",0,0,"D"
"1107",0009-07-20,"Mallorca","Levante",2,0,"H"
"1108",0009-07-20,"Ath Bilbao","Sevilla",1,2,"A"
"1109",0010-07-20,"Sociedad","Granada",2,3,"A"
"1110",0010-07-20,"Real Madrid","Alaves",2,0,"H"
"1111",0011-07-20,"Osasuna","Celta",2,1,"H"
"1112",0011-07-20,"Valladolid","Barcelona",0,1,"A"
"1113",0011-07-20,"Ath Madrid","Betis",1,0,"H"
"1114",0012-07-20,"Espanol","Eibar",0,2,"A"
"1115",0012-07-20,"Levante","Ath Bilbao",1,2,"A"
"1116",0012-07-20,"Leganes","Valencia",1,0,"H"
"1117",0012-07-20,"Sevilla","Mallorca",2,0,"H"
"1118",0013-07-20,"Alaves","Getafe",0,0,"D"
"1119",0013-07-20,"Villarreal","Sociedad",1,2,"A"
"1120",0013-07-20,"Granada","Real Madrid",1,2,"A"
"1121",0016-07-20,"Eibar","Valladolid",3,1,"H"
"1122",0016-07-20,"Ath Bilbao","Leganes",0,2,"A"
"1123",0016-07-20,"Barcelona","Osasuna",1,2,"A"
"1124",0016-07-20,"Betis","Alaves",1,2,"A"
"1125",0016-07-20,"Celta","Levante",2,3,"A"
"1126",0016-07-20,"Getafe","Ath Madrid",0,2,"A"
"1127",0016-07-20,"Mallorca","Granada",1,2,"A"
"1128",0016-07-20,"Real Madrid","Villarreal",2,1,"H"
"1129",0016-07-20,"Sociedad","Sevilla",0,0,"D"
"1130",0016-07-20,"Valencia","Espanol",1,0,"H"
"1131",0019-07-20,"Alaves","Barcelona",0,5,"A"
"1132",0019-07-20,"Valladolid","Betis",2,0,"H"
"1133",0019-07-20,"Villarreal","Eibar",4,0,"H"
"1134",0019-07-20,"Ath Madrid","Sociedad",1,1,"D"
"1135",0019-07-20,"Espanol","Celta",0,0,"D"
"1136",0019-07-20,"Granada","Ath Bilbao",4,0,"H"
"1137",0019-07-20,"Leganes","Real Madrid",2,2,"D"
"1138",0019-07-20,"Levante","Getafe",1,0,"H"
"1139",0019-07-20,"Osasuna","Mallorca",2,2,"D"
"1140",0019-07-20,"Sevilla","Valencia",1,0,"H"
